[
  {
    "label": "Menu",
    "name": "menu",
    "type": "menu",
    "default": "default"
  },
  {
    "label": "Max levels",
    "name": "max_levels",
    "type": "number",
    "help_text": "Determines the number of menu tree children that can be expanded in the menu",
    "display": "text",
    "max": 3,
    "min": 1,
    "step": 1,
    "required": true,
    "default": 3
  },
  {
    "label": "Styles",
    "name": "styles",
    "type": "group",
    "tab": "STYLE",
    "children": [
      {
        "label": "Text",
        "name": "text",
        "type": "group",
        "children": [
          {
            "label": "Color",
            "name": "color",
            "type": "color",
            "visibility": {
              "hidden_subfields": {
                "opacity": true
              }
            }
          }
        ]
      },
      {
        "label": "Drop downs",
        "name": "drop_downs",
        "type": "group",
        "children": [
          {
            "label": "Text",
            "name": "text",
            "type": "group",
            "children": [
              {
                "label": "Color",
                "name": "color",
                "type": "color",
                "visibility": {
                  "hidden_subfields": {
                    "opacity": true
                  }
                }
              }
            ]
          },
          {
            "label": "Background",
            "name": "background",
            "type": "group",
            "children": [
              {
                "label": "Color",
                "name": "color",
                "type": "color"
              }
            ]
          },
          {
            "label": "Border",
            "name": "border",
            "type": "group",
            "children": [
              {
                "label" : "Border",
                "name" : "border",
                "type" : "border"
              }
            ]
          }
        ]
      }
    ]
  }
]
