[
  {
    "label": "Card",
    "name": "card",
    "type": "group",
    "occurrence": {
      "default": 3,
      "min": 1,
      "sorting_label_field": "card.title"
    },
    "children": [
      {
        "label": "Image",
        "name": "image",
        "type": "image",
        "responsive": true,
        "resizable": true,
        "show_loading": true,
        "default": {
          "loading": "lazy"
        }
      },
      {
        "label": "Title",
        "name": "title",
        "id": "card.title",
        "type": "text",
        "default": "This is a title"
      },
      {
        "label": "Title heading type",
        "name": "title_heading_type",
        "type": "choice",
        "choices": [
          ["h1", "Heading 1"],
          ["h2", "Heading 2"],
          ["h3", "Heading 3"],
          ["h4", "Heading 4"],
          ["h5", "Heading 5"],
          ["h6", "Heading 6"]
        ],
        "display": "select",
        "required": true,
        "visibility": {
          "controlling_field": "card.title",
          "controlling_value_regex": "",
          "operator": "NOT_EQUAL"
        },
        "default": "h3"
      },
      {
        "label": "Content",
        "name": "text",
        "type": "text",
        "default": "Contextual advertising can be profitable. It can either pay for your hosting and maintenance costs for you website or it can pay for a lot more."
      }
    ],
    "default": [
      {
        "image": {
          "loading": "lazy"
        },
        "title": "This is a title",
        "title_heading_type": "h3",
        "text": "Contextual advertising can be profitable. It can either pay for your hosting and maintenance costs for you website or it can pay for a lot more."
      },
      {
        "image": {
          "loading": "lazy"
        },
        "title": "This is a title",
        "title_heading_type": "h3",
        "text": "Contextual advertising can be profitable. It can either pay for your hosting and maintenance costs for you website or it can pay for a lot more."
      },
      {
        "image": {
          "loading": "lazy"
        },
        "title": "This is a title",
        "title_heading_type": "h3",
        "text": "Contextual advertising can be profitable. It can either pay for your hosting and maintenance costs for you website or it can pay for a lot more."
      }
    ]
  },
  {
    "label": "Styles",
    "name": "styles",
    "type": "group",
    "tab": "STYLE",
    "children": [
      {
        "label": "Image",
        "name": "image",
        "type": "group",
        "children": [
          {
            "label": "Corner",
            "name": "corner",
            "type": "group",
            "children": [
              {
                "label": "Radius",
                "name": "radius",
                "type": "number",
                "display": "text",
                "max": 100,
                "step": 1,
                "suffix": "px"
              }
            ]
          }
        ]
      },
      {
        "label": "Title",
        "name": "title",
        "type": "group",
        "children": [
          {
            "label": "Text",
            "name": "text",
            "type": "group",
            "children": [
              {
                "label": "Font",
                "name": "font",
                "type": "font"
              }
            ]
          },
          {
            "label": "Alignment",
            "name": "alignment",
            "type": "group",
            "children": [
              {
                "label": "Alignment",
                "name": "alignment",
                "type": "alignment",
                "alignment_direction": "HORIZONTAL"
              }
            ]
          }
        ]
      },
      {
        "label": "Content",
        "name": "content",
        "type": "group",
        "children": [
          {
            "label": "Text",
            "name": "text",
            "type": "group",
            "children": [
              {
                "label": "Font",
                "name": "font",
                "type": "font"
              }
            ]
          },
          {
            "label": "Alignment",
            "name": "alignment",
            "type": "group",
            "children": [
              {
                "label": "Alignment",
                "name": "alignment",
                "type": "alignment",
                "alignment_direction": "HORIZONTAL"
              }
            ]
          }
        ]
      },
      {
        "label": "Card",
        "name": "card",
        "type": "group",
        "children": [
          {
            "label": "Background",
            "name": "background",
            "type": "group",
            "children": [
              {
                "label": "Background type",
                "name": "background_type",
                "id": "styles.card.background.background_type",
                "type": "choice",
                "choices": [
                  ["none", "None"],
                  ["color", "Color"],
                  ["gradient", "Gradient"],
                  ["image", "Image"]
                ],
                "display": "radio",
                "default": "none"
              },
              {
                "label": "Color",
                "name": "color",
                "type": "color",
                "visibility": {
                  "controlling_field": "styles.card.background.background_type",
                  "controlling_value_regex": "color",
                  "operator": "EQUAL"
                }
              },
              {
                "label": "Gradient",
                "name": "gradient",
                "type": "gradient",
                "visibility": {
                  "controlling_field": "styles.card.background.background_type",
                  "controlling_value_regex": "gradient",
                  "operator": "EQUAL"
                }
              },
              {
                "label": "Image",
                "name": "image",
                "type": "backgroundimage",
                "visibility": {
                  "controlling_field": "styles.card.background.background_type",
                  "controlling_value_regex": "image",
                  "operator": "EQUAL"
                }
              }
            ]
          },
          {
            "label": "Border",
            "name": "border",
            "type": "group",
            "children": [
              {
                "label": "Border",
                "name": "border",
                "type": "border"
              }
            ]
          },
          {
            "label": "Corner",
            "name": "corner",
            "type": "group",
            "children": [
              {
                "label": "Radius",
                "name": "radius",
                "type": "number",
                "display": "text",
                "max": 100,
                "step": 1,
                "suffix": "px"
              }
            ]
          },
          {
            "label": "Spacing",
            "name": "spacing",
            "type": "group",
            "children": [
              {
                "label": "Spacing",
                "name": "spacing",
                "type": "spacing"
              }
            ]
          }
        ]
      }
    ]
  }
]
