[
  {
    "label": "Global colors",
    "name": "global_colors",
    "type": "group",
    "children": [
      {
        "label": "Primary",
        "name": "primary",
        "type": "color",
        "visibility": {
          "hidden_subfields": {
            "opacity": true
          }
        },
        "default": {
          "color": "#494A52"
        }
      },
      {
        "label": "Secondary",
        "name": "secondary",
        "type": "color",
        "visibility": {
          "hidden_subfields": {
            "opacity": true
          }
        },
        "default": {
          "color": "#F8FAFC"
        }
      }
    ]
  },
  {
    "label": "Global fonts",
    "name": "global_fonts",
    "type": "group",
    "children": [
      {
        "label": "Primary",
        "name": "primary",
        "type": "font",
        "visibility": {
          "hidden_subfields": {
            "size": true,
            "styles": true
          }
        },
        "inherited_value": {
          "property_value_paths": {
            "color": "theme.global_colors.primary.color"
          }
        },
        "default": {
          "fallback": "sans-serif",
          "font": "Lato",
          "font_set": "GOOGLE"
        }
      },
      {
        "label": "Secondary",
        "name": "secondary",
        "type": "font",
        "visibility": {
          "hidden_subfields": {
            "size": true,
            "styles": true
          }
        },
        "inherited_value": {
          "property_value_paths": {
            "color": "theme.global_colors.primary.color"
          }
        },
        "default": {
          "fallback": "serif",
          "font": "Merriweather",
          "font_set": "GOOGLE"
        }
      }
    ]
  },
  {
    "label": "Spacing",
    "name": "spacing",
    "type": "group",
    "children": [
      {
        "label": "Vertical spacing",
        "name": "vertical_spacing",
        "type": "number",
        "display": "slider",
        "max": 500,
        "min": 0,
        "suffix": "px",
        "default": 80
      },
      {
        "label": "Maximum content width",
        "name": "maximum_content_width",
        "type": "number",
        "display": "slider",
        "max": 2500,
        "min": 900,
        "suffix": "px",
        "default": 1240
      }
    ]
  },
  {
    "label": "Text",
    "name": "text",
    "type": "group",
    "children": [
      {
        "label": "Heading one (H1)",
        "name": "h1",
        "type": "group",
        "children": [
          {
            "label": "Font",
            "name": "font",
            "type": "font",
            "inherited_value": {
              "property_value_paths": {
                "color": "theme.global_fonts.secondary.color",
                "fallback": "theme.global_fonts.secondary.fallback",
                "font": "theme.global_fonts.secondary.font",
                "font_set": "theme.global_fonts.secondary.font_set"
              }
            },
            "default": {
              "size": 50,
              "size_unit": "px",
              "styles": {
                "text-decoration": "none"
              },
              "variant": "700"
            }
          },
          {
            "label": "Transform",
            "name": "transform",
            "type": "choice",
            "choices": [
              [ "none", "None" ],
              [ "capitalize", "Capitalize" ],
              [ "uppercase", "Uppercase" ],
              [ "lowercase", "Lowercase" ]
            ],
            "display": "select",
            "default": "none"
          }
        ]
      },
      {
        "label": "Heading two (H2)",
        "name": "h2",
        "type": "group",
        "children": [
          {
            "label": "Font",
            "name": "font",
            "type": "font",
            "inherited_value": {
              "property_value_paths": {
                "color": "theme.global_fonts.secondary.color",
                "fallback": "theme.global_fonts.secondary.fallback",
                "font": "theme.global_fonts.secondary.font",
                "font_set": "theme.global_fonts.secondary.font_set"
              }
            },
            "default": {
              "size": 38,
              "size_unit": "px",
              "styles": {
                "text-decoration": "none"
              },
              "variant": "700"
            }
          },
          {
            "label": "Transform",
            "name": "transform",
            "type": "choice",
            "choices": [
              [ "none", "None" ],
              [ "capitalize", "Capitalize" ],
              [ "uppercase", "Uppercase" ],
              [ "lowercase", "Lowercase" ]
            ],
            "display": "select",
            "default": "none"
          }
        ]
      },
      {
        "label": "Heading three (H3)",
        "name": "h3",
        "type": "group",
        "children": [
          {
            "label": "Font",
            "name": "font",
            "type": "font",
            "inherited_value": {
              "property_value_paths": {
                "color": "theme.global_fonts.secondary.color",
                "fallback": "theme.global_fonts.secondary.fallback",
                "font": "theme.global_fonts.secondary.font",
                "font_set": "theme.global_fonts.secondary.font_set"
              }
            },
            "default": {
              "size": 30,
              "size_unit": "px",
              "styles": {
                "text-decoration": "none"
              },
              "variant": "700"
            }
          },
          {
            "label": "Transform",
            "name": "transform",
            "type": "choice",
            "choices": [
              [ "none", "None" ],
              [ "capitalize", "Capitalize" ],
              [ "uppercase", "Uppercase" ],
              [ "lowercase", "Lowercase" ]
            ],
            "display": "select",
            "default": "none"
          }
        ]
      },
      {
        "label": "Heading four (H4)",
        "name": "h4",
        "type": "group",
        "children": [
          {
            "label": "Font",
            "name": "font",
            "type": "font",
            "inherited_value": {
              "property_value_paths": {
                "color": "theme.global_fonts.secondary.color",
                "fallback": "theme.global_fonts.secondary.fallback",
                "font": "theme.global_fonts.secondary.font",
                "font_set": "theme.global_fonts.secondary.font_set"
              }
            },
            "default": {
              "size": 24,
              "size_unit": "px",
              "styles": {
                "text-decoration": "none"
              }
            }
          },
          {
            "label": "Transform",
            "name": "transform",
            "type": "choice",
            "choices": [
              [ "none", "None" ],
              [ "capitalize", "Capitalize" ],
              [ "uppercase", "Uppercase" ],
              [ "lowercase", "Lowercase" ]
            ],
            "display": "select",
            "default": "none"
          }
        ]
      },
      {
        "label": "Heading five (H5)",
        "name": "h5",
        "type": "group",
        "children": [
          {
            "label": "Font",
            "name": "font",
            "type": "font",
            "inherited_value": {
              "property_value_paths": {
                "fallback": "theme.global_fonts.secondary.fallback",
                "font": "theme.global_fonts.secondary.font",
                "font_set": "theme.global_fonts.secondary.font_set"
              }
            },
            "default": {
              "color": "#000000",
              "size": 16,
              "size_unit": "px",
              "styles": {
                "text-decoration": "none"
              }
            }
          },
          {
            "label": "Transform",
            "name": "transform",
            "type": "choice",
            "choices": [
              [ "none", "None" ],
              [ "capitalize", "Capitalize" ],
              [ "uppercase", "Uppercase" ],
              [ "lowercase", "Lowercase" ]
            ],
            "display": "select",
            "default": "none"
          }
        ]
      },
      {
        "label": "Heading six (H6)",
        "name": "h6",
        "type": "group",
        "children": [
          {
            "label": "Font",
            "name": "font",
            "type": "font",
            "inherited_value": {
              "property_value_paths": {
                "color": "theme.global_fonts.secondary.color",
                "fallback": "theme.global_fonts.secondary.fallback",
                "font": "theme.global_fonts.secondary.font",
                "font_set": "theme.global_fonts.secondary.font_set"
              }
            },
            "default": {
              "size": 14,
              "size_unit": "px",
              "styles": {
                "text-decoration": "none"
              }
            }
          },
          {
            "label": "Transform",
            "name": "transform",
            "type": "choice",
            "choices": [
              [ "none", "None" ],
              [ "capitalize", "Capitalize" ],
              [ "uppercase", "Uppercase" ],
              [ "lowercase", "Lowercase" ]
            ],
            "display": "select",
            "default": "none"
          }
        ]
      },
      {
        "label": "Body",
        "name": "body_font",
        "type": "group",
        "children": [
          {
            "label": "Font",
            "name": "font",
            "type": "font",
            "visibility": {
              "hidden_subfields": {
                "styles": true
              }
            },
            "inherited_value": {
              "property_value_paths": {
                "color": "theme.global_fonts.primary.color",
                "fallback": "theme.global_fonts.primary.fallback",
                "font": "theme.global_fonts.primary.font",
                "font_set": "theme.global_fonts.primary.font_set"
              }
            },
            "default": {
              "size": 24,
              "size_unit": "px"
            }
          }
        ]
      },
      {
        "label": "Links",
        "name": "links",
        "type": "group",
        "children": [
          {
            "label": "Font",
            "name": "font",
            "type": "font",
            "visibility": {
              "hidden_subfields": {
                "size": true
              }
            },
            "inherited_value": {
              "property_value_paths": {
                "fallback": "theme.global_fonts.primary.fallback",
                "font": "theme.global_fonts.primary.font",
                "font_set": "theme.global_fonts.primary.font_set"
              }
            },
            "default": {
              "color": "#0270E0",
              "styles": {
                "text-decoration": "none"
              }
            }
          }
        ]
      }
    ]
  },
  {
    "label": "Buttons",
    "name": "buttons",
    "type": "group",
    "children": [
      {
        "label": "Text",
        "name": "text",
        "type": "group",
        "children": [
          {
            "label": "Font",
            "name": "font",
            "type": "font",
            "inherited_value": {
              "property_value_paths": {
                "fallback": "theme.global_fonts.primary.fallback",
                "font": "theme.global_fonts.primary.font",
                "font_set": "theme.global_fonts.primary.font_set"
              }
            },
            "default": {
              "color": "#FFFFFF",
              "size": 22,
              "size_unit": "px"
            }
          },
          {
            "label": "Transform",
            "name": "transform",
            "type": "choice",
            "choices": [
              [ "none", "None" ],
              [ "capitalize", "Capitalize" ],
              [ "uppercase", "Uppercase" ],
              [ "lowercase", "Lowercase" ]
            ],
            "display": "select",
            "default": "none"
          }
        ]
      },
      {
        "label": "Background",
        "name": "background",
        "type": "group",
        "children": [
          {
            "label": "Color",
            "name": "color",
            "type": "color",
            "inherited_value": {
              "property_value_paths": {
                "color": "theme.global_colors.primary.color"
              }
            },
            "default": {
              "opacity": 100
            }
          }
        ]
      },
      {
        "label": "Border",
        "name": "border",
        "type": "group",
        "children": [
          {
            "label" : "Border",
            "name" : "border",
            "type" : "border",
            "inherited_value": {
              "property_value_paths": {
                "top.color": "theme.buttons.background.color.color",
                "right.color": "theme.buttons.background.color.color",
                "bottom.color": "theme.buttons.background.color.color",
                "left.color": "theme.buttons.background.color.color"
              }
            },
            "default" : {
              "top": {
                "width": {
                  "value": 1,
                  "units": "px"
                },
                "opacity": 100,
                "style": "solid",
                "color": "#494A52"
              },
              "right": {
                "width": {
                  "value": 1,
                  "units": "px"
                },
                "opacity": 100,
                "style": "solid",
                "color": "#494A52"
              },
              "bottom": {
                "width": {
                  "value": 1,
                  "units": "px"
                },
                "opacity": 100,
                "style": "solid",
                "color": "#494A52"
              },
              "left": {
                "width": {
                  "value": 1,
                  "units": "px"
                },
                "opacity": 100,
                "style": "solid",
                "color": "#494A52"
              }
            }
          }
        ]
      },
      {
        "label": "Corner",
        "name": "corner",
        "type": "group",
        "children": [
          {
            "label": "Radius",
            "name": "radius",
            "type": "number",
            "display": "text",
            "max": 100,
            "step": 1,
            "suffix": "px",
            "default": 6
          }
        ]
      },
      {
        "label": "Spacing",
        "name": "spacing",
        "type": "group",
        "children": [
          {
            "label": "Spacing",
            "name": "spacing",
            "type": "spacing",
            "visibility": {
              "hidden_subfields": {
                "margin": true
              }
            },
            "default": {
              "padding": {
                "top": {
                  "value": 15,
                  "units": "px"
                },
                "right": {
                  "value": 53,
                  "units": "px"
                },
                "bottom": {
                  "value": 15,
                  "units": "px"
                },
                "left": {
                  "value": 53,
                  "units": "px"
                }
              }
            }
          }
        ]
      }
    ]
  },
  {
    "label": "Forms",
    "name": "forms",
    "type": "group",
    "children": [
      {
        "label": "Title",
        "name": "title",
        "type": "group",
        "children": [
          {
            "label": "Text",
            "name": "text",
            "type": "group",
            "children": [
              {
                "label": "Color",
                "name": "color",
                "type": "color",
                "visibility": {
                  "hidden_subfields": {
                    "opacity": true
                  }
                },
                "inherited_value": {
                  "default_value_path": "theme.global_colors.secondary"
                }
              }
            ]
          }
        ]
      },
      {
        "label": "Labels",
        "name": "labels",
        "type": "group",
        "children": [
          {
            "label": "Text",
            "name": "text",
            "type": "group",
            "children": [
              {
                "label": "Color",
                "name": "color",
                "type": "color",
                "visibility": {
                  "hidden_subfields": {
                    "opacity": true
                  }
                },
                "inherited_value": {
                  "property_value_paths": {
                    "color": "theme.global_fonts.primary.color"
                  }
                }
              }
            ]
          }
        ]
      },
      {
        "label": "Help text",
        "name": "help_text",
        "type": "group",
        "children": [
          {
            "label": "Text",
            "name": "text",
            "type": "group",
            "children": [
              {
                "label": "Color",
                "name": "color",
                "type": "color",
                "visibility": {
                  "hidden_subfields": {
                    "opacity": true
                  }
                },
                "inherited_value": {
                  "property_value_paths": {
                    "color": "theme.global_fonts.primary.color"
                  }
                }
              }
            ]
          }
        ]
      },
      {
        "label": "Fields",
        "name": "fields",
        "type": "group",
        "children": [
          {
            "label": "Placeholder",
            "name": "placeholder",
            "type": "group",
            "children": [
              {
                "label": "Color",
                "name": "color",
                "type": "color",
                "visibility": {
                  "hidden_subfields": {
                    "opacity": true
                  }
                },
                "inherited_value": {
                  "property_value_paths": {
                    "color": "theme.global_fonts.primary.color"
                  }
                }
              }
            ]
          },
          {
            "label": "Text",
            "name": "text",
            "type": "group",
            "children": [
              {
                "label": "Color",
                "name": "color",
                "type": "color",
                "visibility": {
                  "hidden_subfields": {
                    "opacity": true
                  }
                },
                "inherited_value": {
                  "property_value_paths": {
                    "color": "theme.global_fonts.primary.color"
                  }
                }
              }
            ]
          },
          {
            "label": "Background",
            "name": "background",
            "type": "group",
            "children": [
              {
                "label": "Color",
                "name": "color",
                "type": "color",
                "default": {
                  "color": "#FFFFFF",
                  "opacity": 100
                }
              }
            ]
          },
          {
            "label": "Border",
            "name": "border",
            "type": "group",
            "children": [
              {
                "label" : "Border",
                "name" : "border",
                "type" : "border",
                "default" : {
                  "top": {
                    "width": {
                      "value": 2,
                      "units": "px"
                    },
                    "opacity": 100,
                    "style": "solid",
                    "color": "#D1D6DC"
                  },
                  "right": {
                    "width": {
                      "value": 2,
                      "units": "px"
                    },
                    "opacity": 100,
                    "style": "solid",
                    "color": "#D1D6DC"
                  },
                  "bottom": {
                    "width": {
                      "value": 2,
                      "units": "px"
                    },
                    "opacity": 100,
                    "style": "solid",
                    "color": "#D1D6DC"
                  },
                  "left": {
                    "width": {
                      "value": 2,
                      "units": "px"
                    },
                    "opacity": 100,
                    "style": "solid",
                    "color": "#D1D6DC"
                  }
                }
              }
            ]
          },
          {
            "label": "Corner",
            "name": "corner",
            "type": "group",
            "children": [
              {
                "label": "Radius",
                "name": "radius",
                "type": "number",
                "display": "text",
                "max": 100,
                "step": 1,
                "suffix": "px",
                "default": 3
              }
            ]
          }
        ]
      }
    ]
  },
  {
    "label": "Tables",
    "name": "tables",
    "type": "group",
    "children": [
      {
        "label": "Header",
        "name": "header",
        "type": "group",
        "children": [
          {
            "label": "Text",
            "name": "text",
            "type": "group",
            "children": [
              {
                "label": "Color",
                "name": "color",
                "type": "color",
                "visibility": {
                  "hidden_subfields": {
                    "opacity": true
                  }
                },
                "default": {
                  "color": "#FFFFFF"
                }
              }
            ]
          },
          {
            "label": "Background",
            "name": "background",
            "type": "group",
            "children": [
              {
                "label": "Color",
                "name": "color",
                "type": "color",
                "inherited_value": {
                  "property_value_paths": {
                    "color": "theme.global_colors.primary.color"
                  }
                },
                "default": {
                  "opacity": 100
                }
              }
            ]
          }
        ]
      },
      {
        "label": "Body",
        "name": "table_body",
        "type": "group",
        "children": [
          {
            "label": "Text",
            "name": "text",
            "type": "group",
            "children": [
              {
                "label": "Color",
                "name": "color",
                "type": "color",
                "visibility": {
                  "hidden_subfields": {
                    "opacity": true
                  }
                },
                "inherited_value": {
                  "property_value_paths": {
                    "color": "theme.global_fonts.primary.color"
                  }
                }
              }
            ]
          },
          {
            "label": "Background",
            "name": "background",
            "type": "group",
            "children": [
              {
                "label": "Color",
                "name": "color",
                "type": "color",
                "default": {
                  "color": "#FFFFFF",
                  "opacity": 100
                }
              }
            ]
          }
        ]
      },
      {
        "label": "Footer",
        "name": "footer",
        "type": "group",
        "children": [
          {
            "label": "Text",
            "name": "text",
            "type": "group",
            "children": [
              {
                "label": "Color",
                "name": "color",
                "type": "color",
                "visibility": {
                  "hidden_subfields": {
                    "opacity": true
                  }
                },
                "inherited_value": {
                  "property_value_paths": {
                    "color": "theme.global_fonts.primary.color"
                  }
                }
              }
            ]
          },
          {
            "label": "Background",
            "name": "background",
            "type": "group",
            "children": [
              {
                "label": "Color",
                "name": "color",
                "type": "color",
                "default": {
                  "color": "#FFFFFF",
                  "opacity": 100
                }
              }
            ]
          }
        ]
      },
      {
        "label": "Cells",
        "name": "cells",
        "type": "group",
        "children": [
          {
            "label": "Spacing",
            "name": "spacing",
            "type": "group",
            "children": [
              {
                "label": "Spacing",
                "name": "spacing",
                "type": "spacing",
                "visibility": {
                  "hidden_subfields": {
                    "margin": true
                  }
                },
                "default": {
                  "padding": {
                    "top": {
                      "value": 18,
                      "units": "px"
                    },
                    "right": {
                      "value": 18,
                      "units": "px"
                    },
                    "bottom": {
                      "value": 18,
                      "units": "px"
                    },
                    "left": {
                      "value": 18,
                      "units": "px"
                    }
                  }
                }
              }
            ]
          },
          {
            "label": "Border",
            "name": "border",
            "type": "group",
            "children": [
              {
                "label" : "Border",
                "name" : "border",
                "type" : "border",
                "inherited_value": {
                  "property_value_paths": {
                    "top.color": "theme.global_fonts.primary.color",
                    "right.color": "theme.global_fonts.primary.color",
                    "bottom.color": "theme.global_fonts.primary.color",
                    "left.color": "theme.global_fonts.primary.color"
                  }
                },
                "default" : {
                  "top": {
                    "width": {
                      "value": 1,
                      "units": "px"
                    },
                    "opacity": 100,
                    "style": "solid",
                    "color": "#494A52"
                  },
                  "right": {
                    "width": {
                      "value": 1,
                      "units": "px"
                    },
                    "opacity": 100,
                    "style": "solid",
                    "color": "#494A52"
                  },
                  "bottom": {
                    "width": {
                      "value": 1,
                      "units": "px"
                    },
                    "opacity": 100,
                    "style": "solid",
                    "color": "#494A52"
                  },
                  "left": {
                    "width": {
                      "value": 1,
                      "units": "px"
                    },
                    "opacity": 100,
                    "style": "solid",
                    "color": "#494A52"
                  }
                }
              }
            ]
          }
        ]
      }
    ]
  },
  {
    "label": "Website header",
    "name": "header",
    "type": "group",
    "children": [
      {
        "label": "Menu",
        "name": "menu",
        "type": "group",
        "children": [
          {
            "label": "Text",
            "name": "text",
            "type": "group",
            "children": [
              {
                "label": "Color",
                "name": "color",
                "type": "color",
                "visibility": {
                  "hidden_subfields": {
                    "opacity": true
                  }
                },
                "inherited_value": {
                  "property_value_paths": {
                    "color": "theme.global_fonts.primary.color"
                  }
                }
              }
            ]
          },
          {
            "label": "Drop downs",
            "name": "drop_downs",
            "type": "group",
            "children": [
              {
                "label": "Text",
                "name": "text",
                "type": "group",
                "children": [
                  {
                    "label": "Color",
                    "name": "color",
                    "type": "color",
                    "visibility": {
                      "hidden_subfields": {
                        "opacity": true
                      }
                    },
                    "inherited_value": {
                      "property_value_paths": {
                        "color": "theme.global_fonts.primary.color"
                      }
                    }
                  }
                ]
              },
              {
                "label": "Background",
                "name": "background",
                "type": "group",
                "children": [
                  {
                    "label": "Color",
                    "name": "color",
                    "type": "color",
                    "default": {
                      "color": "#FFFFFF",
                      "opacity": 100
                    }
                  }
                ]
              },
              {
                "label": "Border",
                "name": "border",
                "type": "group",
                "children": [
                  {
                    "label" : "Border",
                    "name" : "border",
                    "type" : "border",
                    "inherited_value": {
                      "property_value_paths": {
                        "top.color": "theme.global_colors.primary.color",
                        "right.color": "theme.global_colors.primary.color",
                        "bottom.color": "theme.global_colors.primary.color",
                        "left.color": "theme.global_colors.primary.color"
                      }
                    },
                    "default" : {
                      "top": {
                        "width": {
                          "value": 2,
                          "units": "px"
                        },
                        "opacity": 100,
                        "style": "solid",
                        "color": "#494A52"
                      },
                      "right": {
                        "width": {
                          "value": 2,
                          "units": "px"
                        },
                        "opacity": 100,
                        "style": "solid",
                        "color": "#494A52"
                      },
                      "bottom": {
                        "width": {
                          "value": 2,
                          "units": "px"
                        },
                        "opacity": 100,
                        "style": "solid",
                        "color": "#494A52"
                      },
                      "left": {
                        "width": {
                          "value": 2,
                          "units": "px"
                        },
                        "opacity": 100,
                        "style": "solid",
                        "color": "#494A52"
                      }
                    }
                  }
                ]
              }
            ]
          }
        ]
      },
      {
        "label": "Background",
        "name": "background",
        "type": "group",
        "children": [
          {
            "label": "Color",
            "name": "color",
            "type": "color",
            "default": {
              "color": "#F8FAFC",
              "opacity": 100
            }
          }
        ]
      }
    ]
  },
  {
    "label": "Website footer",
    "name": "footer",
    "type": "group",
    "children": [
      {
        "label": "Text",
        "name": "text",
        "type": "group",
        "children": [
          {
            "label": "Color",
            "name": "color",
            "type": "color",
            "visibility": {
              "hidden_subfields": {
                "opacity": true
              }
            },
            "inherited_value": {
              "property_value_paths": {
                "color": "theme.global_fonts.primary.color"
              }
            }
          }
        ]
      },
      {
        "label": "Background",
        "name": "background",
        "type": "group",
        "children": [
          {
            "label": "Color",
            "name": "color",
            "type": "color",
            "default": {
              "color": "#F8FAFC",
              "opacity": 100
            }
          }
        ]
      }
    ]
  }
]
